{
  "config": "fewer_pro",
  "n_trials": 3,
  "n_done": 2,
  "total_wall_s": {
    "median": 324.3965995311737,
    "min": 320.10183906555176,
    "max": 328.69135999679565
  },
  "phase_wall_s": {
    "ad_copy": {
      "median": 40.586681485176086,
      "min": 39.17837405204773,
      "max": 41.99498891830444
    },
    "eval": {
      "median": 64.54702460765839,
      "min": 63.25731110572815,
      "max": 65.83673810958862
    },
    "orchestrator": {
      "median": 10.493038773536682,
      "min": 10.281596660614014,
      "max": 10.70448088645935
    },
    "persistence": {
      "median": 21.761777639389038,
      "min": 21.732357025146484,
      "max": 21.791198253631592
    },
    "research": {
      "median": 80.91336905956268,
      "min": 79.73087406158447,
      "max": 82.0958640575409
    },
    "runserver": {
      "median": 5.8683730363845825,
      "min": 5.744827032089233,
      "max": 5.991919040679932
    },
    "visual": {
      "median": 100.22633492946625,
      "min": 99.87056589126587,
      "max": 100.58210396766663
    }
  },
  "model_calls": {
    "orchestrator": {
      "median": 11.0,
      "min": 11,
      "max": 11
    }
  },
  "http_429_503": {
    "median": 0.0,
    "min": 0,
    "max": 0
  },
  "sessions": [
    "9031566837594193920",
    "2138807607903649792",
    "8280310124753453056"
  ]
}