{
  "config": "parallel_img",
  "n_trials": 3,
  "n_done": 3,
  "total_wall_s": {
    "median": 399.8845160007477,
    "min": 364.0577208995819,
    "max": 426.5598690509796
  },
  "phase_wall_s": {
    "ad_copy": {
      "median": 43.181406021118164,
      "min": 40.70743203163147,
      "max": 45.32331705093384
    },
    "eval": {
      "median": 70.50720405578613,
      "min": 63.669248819351196,
      "max": 108.6375629901886
    },
    "orchestrator": {
      "median": 9.775419235229492,
      "min": 7.109160900115967,
      "max": 11.886746883392334
    },
    "persistence": {
      "median": 20.916186809539795,
      "min": 20.76766586303711,
      "max": 32.462379455566406
    },
    "research": {
      "median": 134.45321488380432,
      "min": 130.16838097572327,
      "max": 148.01431894302368
    },
    "runserver": {
      "median": 5.583148002624512,
      "min": 5.003813982009888,
      "max": 6.4138898849487305
    },
    "visual": {
      "median": 89.76960611343384,
      "min": 89.64554214477539,
      "max": 106.50646090507507
    }
  },
  "model_calls": {
    "orchestrator": {
      "median": 11,
      "min": 11,
      "max": 11
    }
  },
  "http_429_503": {
    "median": 1,
    "min": 1,
    "max": 4
  },
  "sessions": [
    "6403575717535154176",
    "7140758681540362240",
    "8827356741990612992"
  ]
}