{
  "config": "flash_critics",
  "n_trials": 3,
  "n_done": 3,
  "total_wall_s": {
    "median": 338.6344962120056,
    "min": 335.8919289112091,
    "max": 598.6401410102844
  },
  "phase_wall_s": {
    "ad_copy": {
      "median": 25.56841206550598,
      "min": 21.809494972229004,
      "max": 26.026365995407104
    },
    "eval": {
      "median": 71.75480508804321,
      "min": 66.41174793243408,
      "max": 75.90387392044067
    },
    "orchestrator": {
      "median": 8.814954042434692,
      "min": 8.510617733001709,
      "max": 14.242318153381348
    },
    "persistence": {
      "median": 21.704622983932495,
      "min": 15.580978870391846,
      "max": 22.701982021331787
    },
    "research": {
      "median": 135.11798405647278,
      "min": 126.19683694839478,
      "max": 377.04367995262146
    },
    "runserver": {
      "median": 5.920898199081421,
      "min": 5.62479305267334,
      "max": 6.985874176025391
    },
    "visual": {
      "median": 76.07388710975647,
      "min": 70.05894804000854,
      "max": 91.11349081993103
    }
  },
  "model_calls": {
    "orchestrator": {
      "median": 11,
      "min": 8,
      "max": 11
    }
  },
  "http_429_503": {
    "median": 0,
    "min": 0,
    "max": 1
  },
  "sessions": [
    "5215258734606942208",
    "1888224509886988288",
    "6807070096649879552"
  ]
}