{
  "config": "baseline",
  "n_trials": 3,
  "n_done": 3,
  "total_wall_s": {
    "median": 379.53164291381836,
    "min": 347.7567780017853,
    "max": 409.6376497745514
  },
  "phase_wall_s": {
    "ad_copy": {
      "median": 38.929508209228516,
      "min": 37.10145902633667,
      "max": 47.43196988105774
    },
    "eval": {
      "median": 65.1660668849945,
      "min": 60.27593493461609,
      "max": 69.16715502738953
    },
    "orchestrator": {
      "median": 10.18162727355957,
      "min": 10.123633861541748,
      "max": 17.36657404899597
    },
    "persistence": {
      "median": 18.288503885269165,
      "min": 14.574739933013916,
      "max": 19.636574029922485
    },
    "research": {
      "median": 138.51595616340637,
      "min": 124.01421594619751,
      "max": 148.39737486839294
    },
    "runserver": {
      "median": 5.8013951778411865,
      "min": 4.552809000015259,
      "max": 5.995757818222046
    },
    "visual": {
      "median": 101.78212594985962,
      "min": 80.58676290512085,
      "max": 119.03592586517334
    }
  },
  "model_calls": {
    "orchestrator": {
      "median": 11,
      "min": 11,
      "max": 11
    }
  },
  "http_429_503": {
    "median": 0,
    "min": 0,
    "max": 1
  },
  "sessions": [
    "7686485884824190976",
    "796541404900753408",
    "8627175256991203328"
  ]
}